{
  "alpha_int": 4,
  "alpha_lp": 6.0,
  "candidate_id": "5af5b4856e174d59d9d785502472e06db9be3916b25274ad05e42c66aef524f9",
  "certificate_hash": "2f2dc36dbea7b8c12e3229b782fc9de9f3b97b08e5c1b87e4de41258953243a2",
  "constraint_count": 20,
  "constraints": {
    "triangle_free": true
  },
  "control_mode": "patternboost",
  "created_at": "2026-07-08T10:17:21.487506+00:00",
  "dependency_versions": {
    "numpy": "2.0.2",
    "scipy": "1.13.1",
    "torch": "2.8.0+cu128"
  },
  "exact_runtime_seconds": 0.0013899829937145114,
  "generation": 1150,
  "git_commit": "",
  "git_dirty": null,
  "hardware": {
    "platform": "Linux-4.18.0-193.6.3.el8_2.x86_64-x86_64-with-glibc2.28",
    "python": "3.11.3"
  },
  "integer_solution": [
    6,
    8,
    10,
    11
  ],
  "intersection_edges": [
    [
      0,
      2
    ],
    [
      0,
      5
    ],
    [
      0,
      7
    ],
    [
      0,
      8
    ],
    [
      1,
      3
    ],
    [
      1,
      8
    ],
    [
      1,
      10
    ],
    [
      2,
      3
    ],
    [
      2,
      9
    ],
    [
      2,
      11
    ],
    [
      3,
      6
    ],
    [
      4,
      7
    ],
    [
      4,
      8
    ],
    [
      4,
      11
    ],
    [
      5,
      6
    ],
    [
      5,
      11
    ],
    [
      6,
      9
    ],
    [
      7,
      10
    ],
    [
      8,
      9
    ],
    [
      9,
      10
    ]
  ],
  "local_search": "lp_dual_pivot",
  "lp_dual": {
    "clique_0": 0.0,
    "clique_1": 1.0,
    "clique_10": 1.0,
    "clique_11": 0.0,
    "clique_12": 0.0,
    "clique_13": 1.0,
    "clique_14": 0.0,
    "clique_15": 0.0,
    "clique_16": 0.0,
    "clique_17": 1.0,
    "clique_18": 1.0,
    "clique_19": 0.0,
    "clique_2": 0.0,
    "clique_3": 0.0,
    "clique_4": 1.0,
    "clique_5": 0.0,
    "clique_6": 0.0,
    "clique_7": 0.0,
    "clique_8": 0.0,
    "clique_9": 0.0
  },
  "lp_primal": {
    "0": 0.5,
    "1": 0.5,
    "10": 0.5,
    "11": 0.5,
    "2": 0.5,
    "3": 0.5,
    "4": 0.5,
    "5": 0.5,
    "6": 0.5,
    "7": 0.5,
    "8": 0.5,
    "9": 0.5
  },
  "max_clique_size": 2,
  "maximal_cliques": [
    [
      0,
      2
    ],
    [
      0,
      5
    ],
    [
      0,
      7
    ],
    [
      0,
      8
    ],
    [
      1,
      3
    ],
    [
      1,
      8
    ],
    [
      1,
      10
    ],
    [
      2,
      3
    ],
    [
      3,
      6
    ],
    [
      4,
      7
    ],
    [
      4,
      8
    ],
    [
      4,
      11
    ],
    [
      5,
      6
    ],
    [
      6,
      9
    ],
    [
      2,
      9
    ],
    [
      8,
      9
    ],
    [
      9,
      10
    ],
    [
      7,
      10
    ],
    [
      2,
      11
    ],
    [
      5,
      11
    ]
  ],
  "n": 12,
  "problem": "misr",
  "rectangles": [
    [
      0,
      10,
      5,
      6
    ],
    [
      0,
      6,
      0,
      1
    ],
    [
      9,
      10,
      0,
      7
    ],
    [
      6,
      9,
      0,
      1
    ],
    [
      2,
      6,
      9,
      10
    ],
    [
      7,
      8,
      4,
      9
    ],
    [
      7,
      8,
      0,
      4
    ],
    [
      3,
      4,
      4,
      9
    ],
    [
      0,
      2,
      0,
      10
    ],
    [
      2,
      9,
      2,
      3
    ],
    [
      3,
      4,
      0,
      4
    ],
    [
      6,
      9,
      7,
      10
    ]
  ],
  "representation": "triangle_free_rect",
  "schema": "misr_certificate_v1",
  "score": 1.5,
  "solver": {
    "integer_solver": "branch_and_bound_maximum_independent_set",
    "lp_method": "highs",
    "lp_solver": "scipy.optimize.linprog",
    "tolerance": 1e-08
  },
  "solver_status": "optimal",
  "source_type": "local_mutation",
  "surrogate": "triangle_free_exact_gap_pressure",
  "tool_version": "0.1.0",
  "triangle_free": true,
  "triangle_witness": null
}
