{
  "alpha_int": 4,
  "alpha_lp": 4.5,
  "candidate_id": "5f10751ebdb397cf8a99b3eca195d82c770c1f92c7703589092024d58167e51c",
  "certificate_hash": "54c310c89e998f52232125963620d1728a61be7a5f9aae6fd2b027ddd292e6b2",
  "constraint_count": 12,
  "constraints": {
    "triangle_free": true
  },
  "control_mode": "patternboost",
  "created_at": "2026-07-09T12:28:10.777655+00:00",
  "dependency_versions": {
    "numpy": "2.0.2",
    "scipy": "1.13.1",
    "torch": "2.8.0+cu128"
  },
  "exact_runtime_seconds": 0.0011601001024246216,
  "generation": 10,
  "git_commit": "",
  "git_dirty": null,
  "hardware": {
    "platform": "Linux-4.18.0-193.6.3.el8_2.x86_64-x86_64-with-glibc2.28",
    "python": "3.11.3"
  },
  "integer_solution": [
    2,
    4,
    7,
    8
  ],
  "intersection_edges": [
    [
      0,
      1
    ],
    [
      0,
      4
    ],
    [
      0,
      6
    ],
    [
      0,
      8
    ],
    [
      1,
      2
    ],
    [
      1,
      5
    ],
    [
      2,
      6
    ],
    [
      3,
      4
    ],
    [
      3,
      8
    ],
    [
      4,
      5
    ],
    [
      5,
      7
    ],
    [
      6,
      7
    ]
  ],
  "local_search": "lp_dual_pivot",
  "lp_dual": {
    "clique_0": 0.0,
    "clique_1": 1.0,
    "clique_10": 0.5,
    "clique_11": 0.5,
    "clique_2": 0.0,
    "clique_3": 0.0,
    "clique_4": 0.5,
    "clique_5": 0.5,
    "clique_6": 0.0,
    "clique_7": 1.0,
    "clique_8": 0.5,
    "clique_9": 0.0
  },
  "lp_primal": {
    "0": 0.5,
    "1": 0.5,
    "2": 0.5,
    "3": 0.5,
    "4": 0.5,
    "5": 0.5,
    "6": 0.5,
    "7": 0.5,
    "8": 0.5
  },
  "max_clique_size": 2,
  "maximal_cliques": [
    [
      0,
      1
    ],
    [
      0,
      4
    ],
    [
      0,
      6
    ],
    [
      0,
      8
    ],
    [
      1,
      2
    ],
    [
      2,
      6
    ],
    [
      3,
      4
    ],
    [
      3,
      8
    ],
    [
      1,
      5
    ],
    [
      4,
      5
    ],
    [
      5,
      7
    ],
    [
      6,
      7
    ]
  ],
  "n": 9,
  "problem": "misr",
  "rectangles": [
    [
      1,
      10,
      5,
      8
    ],
    [
      4,
      6,
      3,
      6
    ],
    [
      5,
      10,
      3,
      4
    ],
    [
      0,
      10,
      9,
      10
    ],
    [
      1,
      2,
      1,
      10
    ],
    [
      1,
      4,
      2,
      4
    ],
    [
      7,
      10,
      2,
      6
    ],
    [
      4,
      8,
      1,
      2
    ],
    [
      3,
      9,
      8,
      9
    ]
  ],
  "representation": "triangle_free_rect",
  "schema": "misr_certificate_v1",
  "score": 1.125,
  "solver": {
    "integer_solver": "branch_and_bound_maximum_independent_set",
    "lp_method": "highs",
    "lp_solver": "scipy.optimize.linprog",
    "tolerance": 1e-08
  },
  "solver_status": "optimal",
  "source_type": "local_mutation",
  "surrogate": "exact_lp_gap_pressure",
  "tool_version": "0.1.0",
  "triangle_free": true,
  "triangle_witness": null
}
