{
  "alpha_int": 4,
  "alpha_lp": 5.0,
  "candidate_id": "2e9f905ca36f9cce0a6ac291823addab9e5a4987ec9bbe4394b6866df344990f",
  "certificate_hash": "1a30a650b19c411c1821c23d5395a502c917b9edd521b3e6feddf6b645d1493d",
  "constraint_count": 13,
  "constraints": {
    "triangle_free": true
  },
  "control_mode": "patternboost",
  "created_at": "2026-07-09T12:28:38.386735+00:00",
  "dependency_versions": {
    "numpy": "2.0.2",
    "scipy": "1.13.1",
    "torch": "2.8.0+cu128"
  },
  "exact_runtime_seconds": 0.0012125372886657715,
  "generation": 30,
  "git_commit": "",
  "git_dirty": null,
  "hardware": {
    "platform": "Linux-4.18.0-193.6.3.el8_2.x86_64-x86_64-with-glibc2.28",
    "python": "3.11.3"
  },
  "integer_solution": [
    3,
    6,
    8,
    9
  ],
  "intersection_edges": [
    [
      0,
      6
    ],
    [
      0,
      7
    ],
    [
      0,
      9
    ],
    [
      1,
      2
    ],
    [
      1,
      3
    ],
    [
      1,
      6
    ],
    [
      2,
      8
    ],
    [
      2,
      9
    ],
    [
      3,
      5
    ],
    [
      4,
      5
    ],
    [
      4,
      6
    ],
    [
      5,
      9
    ],
    [
      7,
      8
    ]
  ],
  "local_search": "lp_dual_pivot",
  "lp_dual": {
    "clique_0": 0.0,
    "clique_1": 1.0,
    "clique_10": 1.0,
    "clique_11": 1.0,
    "clique_12": 0.0,
    "clique_2": 0.0,
    "clique_3": 0.0,
    "clique_4": 1.0,
    "clique_5": 0.0,
    "clique_6": 1.0,
    "clique_7": 0.0,
    "clique_8": 0.0,
    "clique_9": 0.0
  },
  "lp_primal": {
    "0": 0.5,
    "1": 0.5,
    "2": 0.5,
    "3": 0.5,
    "4": 0.5,
    "5": 0.5,
    "6": 0.5,
    "7": 0.5,
    "8": 0.5,
    "9": 0.5
  },
  "max_clique_size": 2,
  "maximal_cliques": [
    [
      0,
      6
    ],
    [
      0,
      7
    ],
    [
      0,
      9
    ],
    [
      1,
      2
    ],
    [
      1,
      3
    ],
    [
      1,
      6
    ],
    [
      2,
      8
    ],
    [
      2,
      9
    ],
    [
      3,
      5
    ],
    [
      4,
      5
    ],
    [
      4,
      6
    ],
    [
      5,
      9
    ],
    [
      7,
      8
    ]
  ],
  "n": 10,
  "problem": "misr",
  "rectangles": [
    [
      5,
      10,
      3,
      5
    ],
    [
      1,
      4,
      1,
      4
    ],
    [
      4,
      8,
      1,
      2
    ],
    [
      0,
      1,
      1,
      10
    ],
    [
      2,
      5,
      6,
      8
    ],
    [
      0,
      10,
      7,
      9
    ],
    [
      2,
      5,
      4,
      6
    ],
    [
      9,
      10,
      0,
      3
    ],
    [
      6,
      9,
      0,
      1
    ],
    [
      6,
      8,
      2,
      9
    ]
  ],
  "representation": "triangle_free_rect",
  "schema": "misr_certificate_v1",
  "score": 1.25,
  "solver": {
    "integer_solver": "branch_and_bound_maximum_independent_set",
    "lp_method": "highs",
    "lp_solver": "scipy.optimize.linprog",
    "tolerance": 1e-08
  },
  "solver_status": "optimal",
  "source_type": "local_mutation",
  "surrogate": "exact_lp_gap_pressure",
  "tool_version": "0.1.0",
  "triangle_free": true,
  "triangle_witness": null
}
