{
  "alpha_int": 5,
  "alpha_lp": 6.0,
  "candidate_id": "a7c010bf4a44225dd01c6df7aa5900d08aac9725baf5fdfdaed5110e7e315541",
  "certificate_hash": "d6c84703047c8705a1698233c6b49ff636ca8824ee9cf43b4b617d04ab5dc0b3",
  "constraint_count": 20,
  "constraints": {
    "triangle_free": true
  },
  "control_mode": "patternboost",
  "created_at": "2026-07-10T21:30:35.795784+00:00",
  "dependency_versions": {
    "numpy": "2.0.2",
    "scipy": "1.13.1",
    "torch": "2.7.1"
  },
  "exact_runtime_seconds": 0.0019723325967788696,
  "generation": 5,
  "git_commit": "6f80dfec1a16c0d8428b97d587cb65f3e41354af",
  "git_dirty": false,
  "hardware": {
    "platform": "Linux-4.18.0-193.6.3.el8_2.x86_64-x86_64-with-glibc2.28",
    "python": "3.11.14"
  },
  "integer_solution": [
    0,
    5,
    8,
    9,
    10
  ],
  "intersection_edges": [
    [
      0,
      1
    ],
    [
      0,
      2
    ],
    [
      0,
      3
    ],
    [
      0,
      4
    ],
    [
      1,
      5
    ],
    [
      1,
      6
    ],
    [
      1,
      7
    ],
    [
      1,
      10
    ],
    [
      2,
      5
    ],
    [
      2,
      6
    ],
    [
      2,
      8
    ],
    [
      2,
      10
    ],
    [
      3,
      5
    ],
    [
      3,
      6
    ],
    [
      3,
      10
    ],
    [
      4,
      5
    ],
    [
      5,
      11
    ],
    [
      6,
      9
    ],
    [
      7,
      8
    ],
    [
      9,
      11
    ]
  ],
  "local_search": "symmetry_crossover_hillclimb",
  "lp_dual": {
    "clique_0": 0.0,
    "clique_1": 1.0,
    "clique_10": 0.0,
    "clique_11": 0.0,
    "clique_12": 1.0,
    "clique_13": 0.0,
    "clique_14": 1.0,
    "clique_15": 0.0,
    "clique_16": 1.0,
    "clique_17": 0.0,
    "clique_18": 1.0,
    "clique_19": 0.0,
    "clique_2": 0.0,
    "clique_3": 0.0,
    "clique_4": 0.0,
    "clique_5": 0.0,
    "clique_6": 0.0,
    "clique_7": 0.0,
    "clique_8": 0.0,
    "clique_9": 1.0
  },
  "lp_primal": {
    "0": 0.5,
    "1": 0.5,
    "10": 0.5,
    "11": 0.5,
    "2": 0.5,
    "3": 0.5,
    "4": 0.5,
    "5": 0.5,
    "6": 0.5,
    "7": 0.5,
    "8": 0.5,
    "9": 0.5
  },
  "max_clique_size": 2,
  "maximal_cliques": [
    [
      0,
      1
    ],
    [
      1,
      5
    ],
    [
      1,
      6
    ],
    [
      1,
      7
    ],
    [
      1,
      10
    ],
    [
      0,
      2
    ],
    [
      2,
      5
    ],
    [
      2,
      6
    ],
    [
      2,
      8
    ],
    [
      2,
      10
    ],
    [
      0,
      3
    ],
    [
      3,
      5
    ],
    [
      3,
      6
    ],
    [
      3,
      10
    ],
    [
      0,
      4
    ],
    [
      4,
      5
    ],
    [
      7,
      8
    ],
    [
      6,
      9
    ],
    [
      9,
      11
    ],
    [
      5,
      11
    ]
  ],
  "n": 12,
  "problem": "misr",
  "rectangles": [
    [
      0,
      1,
      0,
      10
    ],
    [
      0,
      10,
      0,
      1
    ],
    [
      0,
      10,
      3,
      4
    ],
    [
      0,
      10,
      8,
      9
    ],
    [
      1,
      2,
      5,
      6
    ],
    [
      2,
      3,
      0,
      10
    ],
    [
      5,
      6,
      0,
      10
    ],
    [
      9,
      10,
      1,
      2
    ],
    [
      9,
      10,
      2,
      3
    ],
    [
      4,
      5,
      5,
      6
    ],
    [
      7,
      8,
      0,
      10
    ],
    [
      3,
      4,
      6,
      7
    ]
  ],
  "representation": "triangle_free_rect",
  "schema": "misr_certificate_v1",
  "score": 1.2,
  "solver": {
    "integer_solver": "branch_and_bound_maximum_independent_set",
    "lp_method": "highs",
    "lp_solver": "scipy.optimize.linprog",
    "tolerance": 1e-08
  },
  "solver_status": "optimal",
  "source_type": "local_mutation",
  "surrogate": "graph_conflict_proxy",
  "tool_version": "0.1.0",
  "triangle_free": true,
  "triangle_witness": null
}
