{
  "alpha": 27,
  "alpha_exact": true,
  "density": 0.046130952380952384,
  "edges": 93,
  "elapsed_sec": 0.17422223091125488,
  "exact_gap": 1.1851851851851851,
  "greedy_alpha": 27,
  "independent_set": [
    0,
    2,
    4,
    6,
    8,
    10,
    12,
    14,
    16,
    18,
    21,
    23,
    24,
    26,
    28,
    30,
    32,
    34,
    40,
    42,
    47,
    53,
    55,
    56,
    58,
    60,
    62
  ],
  "key": "7fb47fe29b2355e5783c87353b18c67bebd716837391de32604e45cbe420f3d6",
  "lp_cliques": 93,
  "lp_value": 32.0,
  "n": 64,
  "program": {
    "coeff_bound": 4,
    "coeffs": [
      [
        0,
        0,
        0,
        0,
        0,
        0,
        0,
        0,
        0,
        0,
        0,
        -1,
        -4,
        0,
        4,
        0,
        0,
        -4,
        0,
        0,
        0,
        0,
        0,
        0,
        0,
        0,
        0,
        0,
        0,
        1,
        -1,
        -4,
        0,
        0,
        0,
        0
      ],
      [
        0,
        -2,
        0,
        0,
        -1,
        0,
        2,
        0,
        0,
        0,
        0,
        0,
        1,
        0,
        1,
        0,
        0,
        0,
        0,
        0,
        0,
        0,
        0,
        0,
        -1,
        1,
        0,
        0,
        -2,
        0,
        -1,
        0,
        0,
        0,
        0,
        0
      ],
      [
        -1,
        0,
        0,
        0,
        -1,
        0,
        0,
        0,
        0,
        0,
        0,
        0,
        0,
        0,
        -1,
        0,
        0,
        0,
        0,
        0,
        0,
        0,
        0,
        0,
        0,
        -2,
        0,
        0,
        0,
        -4,
        0,
        0,
        0,
        -2,
        -4,
        0
      ],
      [
        0,
        1,
        0,
        0,
        0,
        0,
        -3,
        1,
        0,
        0,
        -2,
        -2,
        -1,
        -1,
        0,
        0,
        0,
        0,
        0,
        0,
        0,
        0,
        0,
        0,
        0,
        -1,
        -3,
        0,
        0,
        0,
        0,
        3,
        0,
        3,
        4,
        0
      ]
    ],
    "composition": [
      1,
      3,
      1,
      1
    ],
    "decoder": "thin_segments",
    "t": 6
  },
  "rectangles": [
    [
      239,
      241,
      104,
      121
    ],
    [
      231,
      250,
      110,
      112
    ],
    [
      111,
      113,
      104,
      121
    ],
    [
      103,
      122,
      110,
      112
    ],
    [
      195,
      197,
      108,
      126
    ],
    [
      186,
      206,
      115,
      117
    ],
    [
      67,
      69,
      108,
      126
    ],
    [
      58,
      78,
      115,
      117
    ],
    [
      151,
      153,
      113,
      132
    ],
    [
      142,
      163,
      120,
      122
    ],
    [
      23,
      25,
      113,
      132
    ],
    [
      14,
      35,
      120,
      122
    ],
    [
      107,
      109,
      117,
      137
    ],
    [
      97,
      119,
      125,
      127
    ],
    [
      235,
      237,
      117,
      137
    ],
    [
      225,
      247,
      125,
      127
    ],
    [
      63,
      65,
      122,
      143
    ],
    [
      53,
      76,
      130,
      132
    ],
    [
      191,
      193,
      122,
      143
    ],
    [
      181,
      204,
      130,
      132
    ],
    [
      19,
      21,
      126,
      148
    ],
    [
      8,
      32,
      135,
      137
    ],
    [
      147,
      149,
      126,
      148
    ],
    [
      136,
      160,
      135,
      137
    ],
    [
      231,
      233,
      131,
      154
    ],
    [
      220,
      245,
      140,
      142
    ],
    [
      103,
      105,
      131,
      154
    ],
    [
      92,
      117,
      140,
      142
    ],
    [
      187,
      189,
      135,
      159
    ],
    [
      175,
      201,
      145,
      147
    ],
    [
      59,
      61,
      135,
      159
    ],
    [
      47,
      73,
      145,
      147
    ],
    [
      206,
      256,
      83,
      85
    ],
    [
      239,
      241,
      57,
      109
    ],
    [
      87,
      137,
      83,
      85
    ],
    [
      111,
      113,
      57,
      109
    ],
    [
      195,
      197,
      62,
      113
    ],
    [
      170,
      223,
      85,
      87
    ],
    [
      67,
      69,
      62,
      113
    ],
    [
      42,
      95,
      85,
      87
    ],
    [
      126,
      178,
      89,
      91
    ],
    [
      151,
      153,
      62,
      116
    ],
    [
      0,
      52,
      89,
      91
    ],
    [
      23,
      25,
      62,
      116
    ],
    [
      107,
      109,
      67,
      120
    ],
    [
      81,
      136,
      91,
      93
    ],
    [
      235,
      237,
      67,
      120
    ],
    [
      201,
      256,
      91,
      93
    ],
    [
      37,
      91,
      95,
      97
    ],
    [
      63,
      65,
      67,
      123
    ],
    [
      165,
      219,
      95,
      97
    ],
    [
      191,
      193,
      67,
      123
    ],
    [
      19,
      21,
      72,
      127
    ],
    [
      0,
      57,
      97,
      99
    ],
    [
      147,
      149,
      72,
      127
    ],
    [
      120,
      177,
      97,
      99
    ],
    [
      200,
      256,
      101,
      103
    ],
    [
      231,
      233,
      72,
      130
    ],
    [
      76,
      132,
      101,
      103
    ],
    [
      103,
      105,
      72,
      130
    ],
    [
      187,
      189,
      77,
      134
    ],
    [
      159,
      218,
      103,
      105
    ],
    [
      59,
      61,
      77,
      134
    ],
    [
      31,
      90,
      103,
      105
    ]
  ],
  "score": 1.1851851851851851,
  "status": "exact",
  "t": 6,
  "triangle": null,
  "triangle_free": true,
  "upper_gap": 1.1851851851851851
}