{
  "alpha_int": 4,
  "alpha_lp": 5.5,
  "candidate_id": "3597ac9e35b265d9465beb4531db84c92461f3d73456e6a572f5a70476b5ed2e",
  "certificate_hash": "f1245a0af71ffb1604395674983b2ad5036e4f01953ea189082259dd9d3baef5",
  "constraint_count": 17,
  "constraints": {
    "triangle_free": true
  },
  "control_mode": "patternboost",
  "created_at": "2026-07-09T12:32:09.187794+00:00",
  "dependency_versions": {
    "numpy": "2.0.2",
    "scipy": "1.13.1",
    "torch": "2.8.0+cu128"
  },
  "exact_runtime_seconds": 0.001349083031527698,
  "generation": 195,
  "git_commit": "",
  "git_dirty": null,
  "hardware": {
    "platform": "Linux-4.18.0-193.6.3.el8_2.x86_64-x86_64-with-glibc2.28",
    "python": "3.11.3"
  },
  "integer_solution": [
    6,
    8,
    9,
    10
  ],
  "intersection_edges": [
    [
      0,
      1
    ],
    [
      0,
      2
    ],
    [
      0,
      9
    ],
    [
      1,
      4
    ],
    [
      1,
      6
    ],
    [
      2,
      7
    ],
    [
      2,
      10
    ],
    [
      3,
      6
    ],
    [
      3,
      8
    ],
    [
      3,
      9
    ],
    [
      4,
      7
    ],
    [
      4,
      9
    ],
    [
      4,
      10
    ],
    [
      5,
      6
    ],
    [
      5,
      7
    ],
    [
      5,
      9
    ],
    [
      7,
      8
    ]
  ],
  "local_search": "sequence_pair_pivot",
  "lp_dual": {
    "clique_0": 0.5,
    "clique_1": 0.5,
    "clique_10": 0.0,
    "clique_11": 0.5,
    "clique_12": 0.0,
    "clique_13": 0.0,
    "clique_14": 1.0,
    "clique_15": 0.0,
    "clique_16": 1.0,
    "clique_2": 0.0,
    "clique_3": 0.0,
    "clique_4": 0.5,
    "clique_5": 1.0,
    "clique_6": 0.0,
    "clique_7": 0.0,
    "clique_8": 0.5,
    "clique_9": 0.0
  },
  "lp_primal": {
    "0": 0.5,
    "1": 0.5,
    "10": 0.5,
    "2": 0.5,
    "3": 0.5,
    "4": 0.5,
    "5": 0.5,
    "6": 0.5,
    "7": 0.5,
    "8": 0.5,
    "9": 0.5
  },
  "max_clique_size": 2,
  "maximal_cliques": [
    [
      0,
      1
    ],
    [
      0,
      2
    ],
    [
      0,
      9
    ],
    [
      2,
      7
    ],
    [
      2,
      10
    ],
    [
      3,
      6
    ],
    [
      3,
      8
    ],
    [
      3,
      9
    ],
    [
      1,
      4
    ],
    [
      4,
      7
    ],
    [
      4,
      9
    ],
    [
      4,
      10
    ],
    [
      5,
      6
    ],
    [
      5,
      7
    ],
    [
      5,
      9
    ],
    [
      1,
      6
    ],
    [
      7,
      8
    ]
  ],
  "n": 11,
  "problem": "misr",
  "rectangles": [
    [
      3,
      6,
      0,
      1
    ],
    [
      2,
      3,
      0,
      3
    ],
    [
      6,
      10,
      0,
      1
    ],
    [
      2,
      6,
      8,
      10
    ],
    [
      3,
      10,
      2,
      3
    ],
    [
      1,
      8,
      4,
      5
    ],
    [
      1,
      2,
      1,
      8
    ],
    [
      7,
      8,
      1,
      8
    ],
    [
      6,
      10,
      7,
      9
    ],
    [
      4,
      5,
      1,
      10
    ],
    [
      9,
      10,
      1,
      4
    ]
  ],
  "representation": "triangle_free_rect",
  "schema": "misr_certificate_v1",
  "score": 1.375,
  "solver": {
    "integer_solver": "branch_and_bound_maximum_independent_set",
    "lp_method": "highs",
    "lp_solver": "scipy.optimize.linprog",
    "tolerance": 1e-08
  },
  "solver_status": "optimal",
  "source_type": "local_mutation",
  "surrogate": "exact_lp_gap_pressure",
  "tool_version": "0.1.0",
  "triangle_free": true,
  "triangle_witness": null
}
