{
  "alpha_int": 3,
  "alpha_lp": 3.5,
  "candidate_id": "063aa8560244ec70190313544fe3c0579e1827e90795e11f9c562007e2de4c95",
  "certificate_hash": "00580d68701bea02222ccdc391cf86119a5feac229938ffc3b663122442880b9",
  "constraint_count": 11,
  "constraints": {},
  "control_mode": "patternboost",
  "created_at": "2026-07-09T13:43:11.373025+00:00",
  "dependency_versions": {
    "numpy": "2.0.2",
    "scipy": "1.13.1",
    "torch": "2.8.0+cu128"
  },
  "exact_runtime_seconds": 0.001758496044203639,
  "generation": 1125,
  "git_commit": "",
  "git_dirty": null,
  "hardware": {
    "platform": "Linux-4.18.0-193.6.3.el8_2.x86_64-x86_64-with-glibc2.28",
    "python": "3.11.3"
  },
  "integer_solution": [
    7,
    10,
    11
  ],
  "intersection_edges": [
    [
      0,
      1
    ],
    [
      0,
      2
    ],
    [
      0,
      3
    ],
    [
      0,
      5
    ],
    [
      0,
      6
    ],
    [
      0,
      8
    ],
    [
      0,
      9
    ],
    [
      0,
      10
    ],
    [
      1,
      2
    ],
    [
      1,
      3
    ],
    [
      1,
      5
    ],
    [
      1,
      6
    ],
    [
      1,
      7
    ],
    [
      2,
      5
    ],
    [
      2,
      8
    ],
    [
      2,
      9
    ],
    [
      2,
      11
    ],
    [
      3,
      5
    ],
    [
      3,
      6
    ],
    [
      3,
      7
    ],
    [
      3,
      8
    ],
    [
      3,
      9
    ],
    [
      3,
      10
    ],
    [
      3,
      11
    ],
    [
      4,
      7
    ],
    [
      4,
      8
    ],
    [
      4,
      10
    ],
    [
      5,
      6
    ],
    [
      5,
      7
    ],
    [
      5,
      8
    ],
    [
      6,
      7
    ],
    [
      6,
      8
    ],
    [
      8,
      9
    ],
    [
      8,
      10
    ],
    [
      8,
      11
    ],
    [
      9,
      10
    ],
    [
      9,
      11
    ]
  ],
  "local_search": "sequence_pair_pivot",
  "lp_dual": {
    "clique_0": 0.0,
    "clique_1": 0.0,
    "clique_10": 0.5,
    "clique_2": 0.0,
    "clique_3": 1.0,
    "clique_4": 0.5,
    "clique_5": 0.0,
    "clique_6": 0.5,
    "clique_7": 0.5,
    "clique_8": 0.0,
    "clique_9": 0.5
  },
  "lp_primal": {
    "0": 0.5,
    "10": 0.5,
    "11": 1.0,
    "4": 0.5,
    "5": 0.5,
    "7": 0.5
  },
  "max_clique_size": 5,
  "maximal_cliques": [
    [
      0,
      1,
      2,
      5
    ],
    [
      0,
      2,
      5,
      8
    ],
    [
      0,
      2,
      8,
      9
    ],
    [
      2,
      8,
      9,
      11
    ],
    [
      0,
      1,
      3,
      5,
      6
    ],
    [
      0,
      3,
      5,
      6,
      8
    ],
    [
      0,
      3,
      8,
      9,
      10
    ],
    [
      1,
      3,
      5,
      6,
      7
    ],
    [
      3,
      8,
      9,
      11
    ],
    [
      4,
      7
    ],
    [
      4,
      8,
      10
    ]
  ],
  "n": 12,
  "problem": "misr",
  "rectangles": [
    [
      0,
      15,
      11,
      21
    ],
    [
      1,
      9,
      7,
      17
    ],
    [
      2,
      19,
      16,
      22
    ],
    [
      3,
      22,
      5,
      15
    ],
    [
      4,
      17,
      0,
      4
    ],
    [
      5,
      11,
      9,
      23
    ],
    [
      6,
      12,
      8,
      13
    ],
    [
      7,
      8,
      2,
      10
    ],
    [
      10,
      20,
      3,
      20
    ],
    [
      13,
      23,
      6,
      18
    ],
    [
      14,
      18,
      1,
      12
    ],
    [
      16,
      21,
      14,
      19
    ]
  ],
  "representation": "endpoint_sequence_pair",
  "schema": "misr_certificate_v1",
  "score": 1.1666666666666667,
  "solver": {
    "integer_solver": "branch_and_bound_maximum_independent_set",
    "lp_method": "highs",
    "lp_solver": "scipy.optimize.linprog",
    "tolerance": 1e-08
  },
  "solver_status": "optimal",
  "source_type": "local_mutation",
  "surrogate": "triangle_free_exact_gap_pressure",
  "tool_version": "0.1.0",
  "triangle_free": false,
  "triangle_witness": [
    0,
    1,
    2
  ]
}
