{
  "alpha_int": 4,
  "alpha_lp": 6.0,
  "candidate_id": "b0a9168280f7a13c8745ba1f79d5022b17375e51eaf5f04fd9732739b7acd56d",
  "certificate_hash": "c49fd89391eb8f2ffcd4bf0b642cc06950b90c6321623689906117ed255eb8e4",
  "constraint_count": 20,
  "constraints": {
    "triangle_free": true
  },
  "control_mode": "patternboost",
  "created_at": "2026-07-09T15:34:59.117530+00:00",
  "dependency_versions": {
    "numpy": "2.0.2",
    "scipy": "1.13.1",
    "torch": "2.8.0+cu128"
  },
  "exact_runtime_seconds": 0.0013949780259281397,
  "generation": 4345,
  "git_commit": "",
  "git_dirty": null,
  "hardware": {
    "platform": "Linux-4.18.0-193.6.3.el8_2.x86_64-x86_64-with-glibc2.28",
    "python": "3.11.3"
  },
  "integer_solution": [
    5,
    6,
    9,
    11
  ],
  "intersection_edges": [
    [
      0,
      5
    ],
    [
      0,
      9
    ],
    [
      0,
      11
    ],
    [
      1,
      2
    ],
    [
      1,
      3
    ],
    [
      1,
      5
    ],
    [
      1,
      10
    ],
    [
      2,
      6
    ],
    [
      2,
      8
    ],
    [
      3,
      4
    ],
    [
      3,
      6
    ],
    [
      3,
      9
    ],
    [
      4,
      5
    ],
    [
      4,
      8
    ],
    [
      4,
      11
    ],
    [
      5,
      7
    ],
    [
      6,
      7
    ],
    [
      7,
      10
    ],
    [
      8,
      9
    ],
    [
      10,
      11
    ]
  ],
  "local_search": "sequence_pair_pivot",
  "lp_dual": {
    "clique_0": 0.0,
    "clique_1": 1.0,
    "clique_10": 0.0,
    "clique_11": 0.0,
    "clique_12": 1.0,
    "clique_13": 0.0,
    "clique_14": 1.0,
    "clique_15": 0.0,
    "clique_16": 0.0,
    "clique_17": 0.0,
    "clique_18": 0.0,
    "clique_19": 1.0,
    "clique_2": 0.0,
    "clique_3": 1.0,
    "clique_4": 0.0,
    "clique_5": 0.0,
    "clique_6": 0.0,
    "clique_7": 0.0,
    "clique_8": 0.0,
    "clique_9": 1.0
  },
  "lp_primal": {
    "0": 0.5,
    "1": 0.5,
    "10": 0.5,
    "11": 0.5,
    "2": 0.5,
    "3": 0.5,
    "4": 0.5,
    "5": 0.5,
    "6": 0.5,
    "7": 0.5,
    "8": 0.5,
    "9": 0.5
  },
  "max_clique_size": 2,
  "maximal_cliques": [
    [
      0,
      5
    ],
    [
      0,
      9
    ],
    [
      0,
      11
    ],
    [
      1,
      2
    ],
    [
      1,
      3
    ],
    [
      1,
      5
    ],
    [
      1,
      10
    ],
    [
      3,
      4
    ],
    [
      4,
      5
    ],
    [
      4,
      8
    ],
    [
      4,
      11
    ],
    [
      2,
      6
    ],
    [
      3,
      6
    ],
    [
      6,
      7
    ],
    [
      5,
      7
    ],
    [
      7,
      10
    ],
    [
      2,
      8
    ],
    [
      8,
      9
    ],
    [
      3,
      9
    ],
    [
      10,
      11
    ]
  ],
  "n": 12,
  "problem": "misr",
  "rectangles": [
    [
      1,
      2,
      1,
      8
    ],
    [
      7,
      8,
      1,
      8
    ],
    [
      6,
      9,
      0,
      1
    ],
    [
      3,
      9,
      2,
      3
    ],
    [
      4,
      5,
      1,
      10
    ],
    [
      0,
      10,
      6,
      7
    ],
    [
      9,
      10,
      0,
      5
    ],
    [
      9,
      10,
      5,
      10
    ],
    [
      3,
      6,
      0,
      1
    ],
    [
      0,
      3,
      0,
      5
    ],
    [
      6,
      9,
      8,
      10
    ],
    [
      2,
      6,
      8,
      9
    ]
  ],
  "representation": "triangle_free_rect",
  "schema": "misr_certificate_v1",
  "score": 1.5,
  "solver": {
    "integer_solver": "branch_and_bound_maximum_independent_set",
    "lp_method": "highs",
    "lp_solver": "scipy.optimize.linprog",
    "tolerance": 1e-08
  },
  "solver_status": "optimal",
  "source_type": "local_mutation",
  "surrogate": "exact_lp_gap_pressure",
  "tool_version": "0.1.0",
  "triangle_free": true,
  "triangle_witness": null
}
