{
  "alpha_int": 4,
  "alpha_lp": 5.5,
  "candidate_id": "96554fe557fcd36898f0b800f3b093cf8a1f880f51b59964eec19f30a58db327",
  "certificate_hash": "923daab5ebd068d8ab3a9a6660de86be6c7e7c56a4468cf3b74cba680a42b4b2",
  "constraint_count": 16,
  "constraints": {
    "triangle_free": true
  },
  "control_mode": "patternboost",
  "created_at": "2026-07-09T12:29:44.831480+00:00",
  "dependency_versions": {
    "numpy": "2.0.2",
    "scipy": "1.13.1",
    "torch": "2.8.0+cu128"
  },
  "exact_runtime_seconds": 0.0012900307774543762,
  "generation": 60,
  "git_commit": "",
  "git_dirty": null,
  "hardware": {
    "platform": "Linux-4.18.0-193.6.3.el8_2.x86_64-x86_64-with-glibc2.28",
    "python": "3.11.3"
  },
  "integer_solution": [
    3,
    5,
    6,
    10
  ],
  "intersection_edges": [
    [
      0,
      1
    ],
    [
      0,
      2
    ],
    [
      0,
      3
    ],
    [
      0,
      7
    ],
    [
      1,
      4
    ],
    [
      1,
      6
    ],
    [
      1,
      8
    ],
    [
      2,
      5
    ],
    [
      2,
      6
    ],
    [
      3,
      8
    ],
    [
      3,
      9
    ],
    [
      4,
      5
    ],
    [
      6,
      9
    ],
    [
      7,
      9
    ],
    [
      7,
      10
    ],
    [
      8,
      10
    ]
  ],
  "local_search": "lp_dual_pivot",
  "lp_dual": {
    "clique_0": 0.0,
    "clique_1": 0.0,
    "clique_10": 0.0,
    "clique_11": 0.0,
    "clique_12": 1.0,
    "clique_13": 0.0,
    "clique_14": 1.0,
    "clique_15": 0.0,
    "clique_2": 1.0,
    "clique_3": 0.0,
    "clique_4": 0.5,
    "clique_5": 0.5,
    "clique_6": 0.5,
    "clique_7": 0.5,
    "clique_8": 0.5,
    "clique_9": 0.0
  },
  "lp_primal": {
    "0": 0.5,
    "1": 0.5,
    "10": 0.5,
    "2": 0.5,
    "3": 0.5,
    "4": 0.5,
    "5": 0.5,
    "6": 0.5,
    "7": 0.5,
    "8": 0.5,
    "9": 0.5
  },
  "max_clique_size": 2,
  "maximal_cliques": [
    [
      0,
      1
    ],
    [
      0,
      2
    ],
    [
      0,
      3
    ],
    [
      0,
      7
    ],
    [
      1,
      4
    ],
    [
      4,
      5
    ],
    [
      2,
      5
    ],
    [
      1,
      6
    ],
    [
      2,
      6
    ],
    [
      6,
      9
    ],
    [
      1,
      8
    ],
    [
      3,
      8
    ],
    [
      8,
      10
    ],
    [
      3,
      9
    ],
    [
      7,
      9
    ],
    [
      7,
      10
    ]
  ],
  "n": 11,
  "problem": "misr",
  "rectangles": [
    [
      5,
      6,
      2,
      10
    ],
    [
      1,
      9,
      3,
      4
    ],
    [
      5,
      10,
      0,
      2
    ],
    [
      0,
      7,
      5,
      7
    ],
    [
      3,
      4,
      0,
      3
    ],
    [
      4,
      7,
      0,
      1
    ],
    [
      8,
      10,
      0,
      7
    ],
    [
      0,
      9,
      9,
      10
    ],
    [
      1,
      2,
      1,
      8
    ],
    [
      7,
      9,
      7,
      9
    ],
    [
      1,
      4,
      8,
      9
    ]
  ],
  "representation": "triangle_free_rect",
  "schema": "misr_certificate_v1",
  "score": 1.375,
  "solver": {
    "integer_solver": "branch_and_bound_maximum_independent_set",
    "lp_method": "highs",
    "lp_solver": "scipy.optimize.linprog",
    "tolerance": 1e-08
  },
  "solver_status": "optimal",
  "source_type": "local_mutation",
  "surrogate": "triangle_free_exact_gap_pressure",
  "tool_version": "0.1.0",
  "triangle_free": true,
  "triangle_witness": null
}
