{
  "alpha_int": 4,
  "alpha_lp": 4.0,
  "candidate_id": "4480aac66cf353334554b773c22dcd79878b871ad52a55aac321e0aed8207251",
  "certificate_hash": "b38ef7f97c2e4e2c01c84c180e4a0d7822e0bf16070ce88689e75432033911fc",
  "constraint_count": 13,
  "constraints": {
    "triangle_free": true
  },
  "control_mode": "patternboost",
  "created_at": "2026-07-09T12:27:49.214345+00:00",
  "dependency_versions": {
    "numpy": "2.0.2",
    "scipy": "1.13.1",
    "torch": "2.8.0+cu128"
  },
  "exact_runtime_seconds": 0.001135057769715786,
  "generation": 0,
  "git_commit": "",
  "git_dirty": null,
  "hardware": {
    "platform": "Linux-4.18.0-193.6.3.el8_2.x86_64-x86_64-with-glibc2.28",
    "python": "3.11.3"
  },
  "integer_solution": [
    1,
    4,
    6,
    7
  ],
  "intersection_edges": [
    [
      0,
      1
    ],
    [
      0,
      2
    ],
    [
      0,
      4
    ],
    [
      0,
      7
    ],
    [
      1,
      3
    ],
    [
      1,
      5
    ],
    [
      2,
      3
    ],
    [
      2,
      6
    ],
    [
      3,
      4
    ],
    [
      3,
      7
    ],
    [
      4,
      5
    ],
    [
      5,
      6
    ],
    [
      5,
      7
    ]
  ],
  "local_search": "program_coeff_pivot",
  "lp_dual": {
    "clique_0": 0.0,
    "clique_1": 0.0,
    "clique_10": 0.0,
    "clique_11": 0.0,
    "clique_12": 1.0,
    "clique_2": 1.0,
    "clique_3": 0.0,
    "clique_4": 0.0,
    "clique_5": 0.0,
    "clique_6": 0.0,
    "clique_7": 1.0,
    "clique_8": 1.0,
    "clique_9": 0.0
  },
  "lp_primal": {
    "0": 0.5,
    "1": 0.5,
    "2": 0.5,
    "3": 0.5,
    "4": 0.5,
    "5": 0.5,
    "6": 0.5,
    "7": 0.5
  },
  "max_clique_size": 2,
  "maximal_cliques": [
    [
      0,
      1
    ],
    [
      0,
      2
    ],
    [
      0,
      4
    ],
    [
      0,
      7
    ],
    [
      1,
      3
    ],
    [
      2,
      3
    ],
    [
      3,
      4
    ],
    [
      3,
      7
    ],
    [
      1,
      5
    ],
    [
      4,
      5
    ],
    [
      5,
      6
    ],
    [
      5,
      7
    ],
    [
      2,
      6
    ]
  ],
  "n": 8,
  "problem": "misr",
  "rectangles": [
    [
      7,
      10,
      0,
      10
    ],
    [
      0,
      9,
      0,
      1
    ],
    [
      5,
      9,
      7,
      9
    ],
    [
      4,
      6,
      1,
      8
    ],
    [
      3,
      9,
      3,
      4
    ],
    [
      2,
      3,
      1,
      10
    ],
    [
      0,
      5,
      9,
      10
    ],
    [
      0,
      9,
      5,
      6
    ]
  ],
  "representation": "triangle_free_rect",
  "schema": "misr_certificate_v1",
  "score": 1.0,
  "solver": {
    "integer_solver": "branch_and_bound_maximum_independent_set",
    "lp_method": "highs",
    "lp_solver": "scipy.optimize.linprog",
    "tolerance": 1e-08
  },
  "solver_status": "optimal",
  "source_type": "initial_or_local",
  "surrogate": "triangle_free_exact_gap_pressure",
  "tool_version": "0.1.0",
  "triangle_free": true,
  "triangle_witness": null
}
