{
  "alpha_int": 4,
  "alpha_lp": 5.5,
  "candidate_id": "bee92800d759e47d6c4b258cabba6ebad3cac33355a5ed188955d8b288b5287d",
  "certificate_hash": "810c33274db2a730040a5b32b326ba231a5acdac957584f6089b04486c0c33aa",
  "constraint_count": 16,
  "constraints": {
    "triangle_free": true
  },
  "control_mode": "patternboost",
  "created_at": "2026-07-09T12:37:01.812062+00:00",
  "dependency_versions": {
    "numpy": "2.0.2",
    "scipy": "1.13.1",
    "torch": "2.8.0+cu128"
  },
  "exact_runtime_seconds": 0.0013088146224617958,
  "generation": 365,
  "git_commit": "",
  "git_dirty": null,
  "hardware": {
    "platform": "Linux-4.18.0-193.6.3.el8_2.x86_64-x86_64-with-glibc2.28",
    "python": "3.11.3"
  },
  "integer_solution": [
    5,
    8,
    9,
    10
  ],
  "intersection_edges": [
    [
      0,
      8
    ],
    [
      0,
      9
    ],
    [
      0,
      10
    ],
    [
      1,
      4
    ],
    [
      1,
      9
    ],
    [
      1,
      10
    ],
    [
      2,
      5
    ],
    [
      2,
      7
    ],
    [
      2,
      8
    ],
    [
      2,
      9
    ],
    [
      3,
      5
    ],
    [
      3,
      6
    ],
    [
      4,
      8
    ],
    [
      6,
      7
    ],
    [
      6,
      9
    ],
    [
      7,
      10
    ]
  ],
  "local_search": "program_coeff_pivot",
  "lp_dual": {
    "clique_0": 0.5,
    "clique_1": 0.0,
    "clique_10": 1.0,
    "clique_11": 0.0,
    "clique_12": 0.0,
    "clique_13": 0.0,
    "clique_14": 1.0,
    "clique_15": 0.5,
    "clique_2": 0.5,
    "clique_3": 1.0,
    "clique_4": 0.0,
    "clique_5": 0.0,
    "clique_6": 0.0,
    "clique_7": 0.5,
    "clique_8": 0.5,
    "clique_9": 0.0
  },
  "lp_primal": {
    "0": 0.5,
    "1": 0.5,
    "10": 0.5,
    "2": 0.5,
    "3": 0.5,
    "4": 0.5,
    "5": 0.5,
    "6": 0.5,
    "7": 0.5,
    "8": 0.5,
    "9": 0.5
  },
  "max_clique_size": 2,
  "maximal_cliques": [
    [
      0,
      8
    ],
    [
      0,
      9
    ],
    [
      0,
      10
    ],
    [
      1,
      4
    ],
    [
      1,
      9
    ],
    [
      1,
      10
    ],
    [
      2,
      5
    ],
    [
      2,
      7
    ],
    [
      2,
      8
    ],
    [
      2,
      9
    ],
    [
      3,
      5
    ],
    [
      3,
      6
    ],
    [
      4,
      8
    ],
    [
      6,
      7
    ],
    [
      6,
      9
    ],
    [
      7,
      10
    ]
  ],
  "n": 11,
  "problem": "misr",
  "rectangles": [
    [
      2,
      7,
      3,
      4
    ],
    [
      1,
      10,
      0,
      1
    ],
    [
      1,
      9,
      6,
      8
    ],
    [
      6,
      7,
      9,
      10
    ],
    [
      9,
      10,
      0,
      4
    ],
    [
      7,
      8,
      8,
      9
    ],
    [
      1,
      6,
      9,
      10
    ],
    [
      0,
      1,
      4,
      9
    ],
    [
      7,
      10,
      3,
      6
    ],
    [
      3,
      4,
      0,
      10
    ],
    [
      0,
      2,
      0,
      4
    ]
  ],
  "representation": "triangle_free_rect",
  "schema": "misr_certificate_v1",
  "score": 1.375,
  "solver": {
    "integer_solver": "branch_and_bound_maximum_independent_set",
    "lp_method": "highs",
    "lp_solver": "scipy.optimize.linprog",
    "tolerance": 1e-08
  },
  "solver_status": "optimal",
  "source_type": "local_mutation",
  "surrogate": "triangle_free_exact_gap_pressure",
  "tool_version": "0.1.0",
  "triangle_free": true,
  "triangle_witness": null
}
