{
  "alpha_int": 4,
  "alpha_lp": 5.0,
  "candidate_id": "0e3bbc4be905a53424993c6586fa6f017e3045a65a1351a8a07575bf7bb2e828",
  "certificate_hash": "c495026e4319864fa5e41b1e7fb5923ba9baf35e3c450c98d47da7d9f65f67c1",
  "constraint_count": 14,
  "constraints": {
    "triangle_free": true
  },
  "control_mode": "patternboost",
  "created_at": "2026-07-09T12:27:58.401716+00:00",
  "dependency_versions": {
    "numpy": "2.0.2",
    "scipy": "1.13.1",
    "torch": "2.8.0+cu128"
  },
  "exact_runtime_seconds": 0.001228703185915947,
  "generation": 5,
  "git_commit": "",
  "git_dirty": null,
  "hardware": {
    "platform": "Linux-4.18.0-193.6.3.el8_2.x86_64-x86_64-with-glibc2.28",
    "python": "3.11.3"
  },
  "integer_solution": [
    4,
    5,
    8,
    9
  ],
  "intersection_edges": [
    [
      0,
      1
    ],
    [
      0,
      2
    ],
    [
      0,
      5
    ],
    [
      0,
      8
    ],
    [
      1,
      9
    ],
    [
      2,
      4
    ],
    [
      2,
      6
    ],
    [
      2,
      7
    ],
    [
      3,
      4
    ],
    [
      3,
      5
    ],
    [
      3,
      9
    ],
    [
      5,
      7
    ],
    [
      6,
      8
    ],
    [
      7,
      9
    ]
  ],
  "local_search": "program_coeff_pivot",
  "lp_dual": {
    "clique_0": 1.0,
    "clique_1": 0.0,
    "clique_10": 0.0,
    "clique_11": 0.0,
    "clique_12": 1.0,
    "clique_13": 0.0,
    "clique_2": 0.0,
    "clique_3": 0.0,
    "clique_4": 0.0,
    "clique_5": 1.0,
    "clique_6": 0.0,
    "clique_7": 1.0,
    "clique_8": 0.0,
    "clique_9": 1.0
  },
  "lp_primal": {
    "0": 0.5,
    "1": 0.5,
    "2": 0.5,
    "3": 0.5,
    "4": 0.5,
    "5": 0.5,
    "6": 0.5,
    "7": 0.5,
    "8": 0.5,
    "9": 0.5
  },
  "max_clique_size": 2,
  "maximal_cliques": [
    [
      0,
      1
    ],
    [
      0,
      2
    ],
    [
      0,
      5
    ],
    [
      0,
      8
    ],
    [
      3,
      4
    ],
    [
      3,
      5
    ],
    [
      3,
      9
    ],
    [
      2,
      4
    ],
    [
      2,
      6
    ],
    [
      6,
      8
    ],
    [
      2,
      7
    ],
    [
      5,
      7
    ],
    [
      7,
      9
    ],
    [
      1,
      9
    ]
  ],
  "n": 10,
  "problem": "misr",
  "rectangles": [
    [
      3,
      6,
      6,
      9
    ],
    [
      4,
      8,
      9,
      10
    ],
    [
      0,
      5,
      4,
      7
    ],
    [
      0,
      10,
      1,
      2
    ],
    [
      2,
      3,
      2,
      5
    ],
    [
      6,
      7,
      2,
      6
    ],
    [
      0,
      2,
      7,
      9
    ],
    [
      5,
      9,
      4,
      5
    ],
    [
      0,
      3,
      9,
      10
    ],
    [
      8,
      9,
      2,
      10
    ]
  ],
  "representation": "triangle_free_rect",
  "schema": "misr_certificate_v1",
  "score": 1.25,
  "solver": {
    "integer_solver": "branch_and_bound_maximum_independent_set",
    "lp_method": "highs",
    "lp_solver": "scipy.optimize.linprog",
    "tolerance": 1e-08
  },
  "solver_status": "optimal",
  "source_type": "local_mutation",
  "surrogate": "exact_lp_gap_pressure",
  "tool_version": "0.1.0",
  "triangle_free": true,
  "triangle_witness": null
}
