{
  "alpha_int": 5,
  "alpha_lp": 6.0,
  "candidate_id": "63634e0faaa1a36fddb9bfedfe9a9730bbbd66a94d5126bf04729aa48c26fd5b",
  "certificate_hash": "0b655b23a1c5a3601ae4008325ce5b0780bb2992da39f955f31c869aba297d03",
  "constraint_count": 16,
  "constraints": {
    "triangle_free": true
  },
  "control_mode": "patternboost",
  "created_at": "2026-07-10T21:31:37.889181+00:00",
  "dependency_versions": {
    "numpy": "2.0.2",
    "scipy": "1.13.1",
    "torch": "2.7.1"
  },
  "exact_runtime_seconds": 0.002080656588077545,
  "generation": 5,
  "git_commit": "6f80dfec1a16c0d8428b97d587cb65f3e41354af",
  "git_dirty": false,
  "hardware": {
    "platform": "Linux-4.18.0-193.6.3.el8_2.x86_64-x86_64-with-glibc2.28",
    "python": "3.11.14"
  },
  "integer_solution": [
    2,
    6,
    7,
    9,
    11
  ],
  "intersection_edges": [
    [
      0,
      1
    ],
    [
      0,
      11
    ],
    [
      1,
      6
    ],
    [
      1,
      7
    ],
    [
      2,
      4
    ],
    [
      2,
      10
    ],
    [
      3,
      6
    ],
    [
      3,
      8
    ],
    [
      3,
      10
    ],
    [
      4,
      5
    ],
    [
      4,
      11
    ],
    [
      5,
      7
    ],
    [
      5,
      9
    ],
    [
      7,
      8
    ],
    [
      8,
      9
    ],
    [
      9,
      10
    ]
  ],
  "local_search": "symmetry_crossover_hillclimb",
  "lp_dual": {
    "clique_0": 0.0,
    "clique_1": 1.0,
    "clique_10": 0.0,
    "clique_11": 1.0,
    "clique_12": 1.0,
    "clique_13": 0.0,
    "clique_14": 0.0,
    "clique_15": 1.0,
    "clique_2": 0.0,
    "clique_3": 1.0,
    "clique_4": 0.0,
    "clique_5": 0.0,
    "clique_6": 0.0,
    "clique_7": 1.0,
    "clique_8": 0.0,
    "clique_9": 0.0
  },
  "lp_primal": {
    "0": 0.5,
    "1": 0.5,
    "10": 0.5,
    "11": 0.5,
    "2": 0.5,
    "3": 0.5,
    "4": 0.5,
    "5": 0.5,
    "6": 0.5,
    "7": 0.5,
    "8": 0.5,
    "9": 0.5
  },
  "max_clique_size": 2,
  "maximal_cliques": [
    [
      0,
      1
    ],
    [
      1,
      6
    ],
    [
      1,
      7
    ],
    [
      2,
      4
    ],
    [
      2,
      10
    ],
    [
      3,
      6
    ],
    [
      3,
      8
    ],
    [
      3,
      10
    ],
    [
      4,
      5
    ],
    [
      4,
      11
    ],
    [
      5,
      7
    ],
    [
      5,
      9
    ],
    [
      7,
      8
    ],
    [
      8,
      9
    ],
    [
      9,
      10
    ],
    [
      0,
      11
    ]
  ],
  "n": 12,
  "problem": "misr",
  "rectangles": [
    [
      4,
      6,
      5,
      10
    ],
    [
      6,
      8,
      4,
      8
    ],
    [
      1,
      2,
      1,
      4
    ],
    [
      7,
      10,
      1,
      2
    ],
    [
      2,
      3,
      4,
      9
    ],
    [
      3,
      5,
      2,
      4
    ],
    [
      8,
      9,
      2,
      5
    ],
    [
      5,
      6,
      3,
      4
    ],
    [
      6,
      7,
      2,
      3
    ],
    [
      5,
      6,
      1,
      2
    ],
    [
      0,
      10,
      0,
      1
    ],
    [
      3,
      5,
      5,
      10
    ]
  ],
  "representation": "quadratic_program_rectangles",
  "schema": "misr_certificate_v1",
  "score": 1.2,
  "solver": {
    "integer_solver": "branch_and_bound_maximum_independent_set",
    "lp_method": "highs",
    "lp_solver": "scipy.optimize.linprog",
    "tolerance": 1e-08
  },
  "solver_status": "optimal",
  "source_type": "local_mutation",
  "surrogate": "graph_conflict_proxy",
  "tool_version": "0.1.0",
  "triangle_free": true,
  "triangle_witness": null
}
