{
  "alpha_int": 3,
  "alpha_lp": 3.5,
  "candidate_id": "ebea96488e68fede2fbf11d9a43610da1a30c66e8fda3ca2091b629309154fd2",
  "certificate_hash": "723c45cb8c772fd7f995638358c7464fe92a36de675c472dfc44af62bd00b975",
  "constraint_count": 7,
  "constraints": {},
  "control_mode": "patternboost",
  "created_at": "2026-07-09T12:28:08.831764+00:00",
  "dependency_versions": {
    "numpy": "2.0.2",
    "scipy": "1.13.1",
    "torch": "2.8.0+cu128"
  },
  "exact_runtime_seconds": 0.001367134042084217,
  "generation": 10,
  "git_commit": "",
  "git_dirty": null,
  "hardware": {
    "platform": "Linux-4.18.0-193.6.3.el8_2.x86_64-x86_64-with-glibc2.28",
    "python": "3.11.3"
  },
  "integer_solution": [
    2,
    7,
    9
  ],
  "intersection_edges": [
    [
      0,
      1
    ],
    [
      0,
      4
    ],
    [
      0,
      5
    ],
    [
      0,
      6
    ],
    [
      0,
      7
    ],
    [
      0,
      9
    ],
    [
      1,
      4
    ],
    [
      1,
      5
    ],
    [
      1,
      6
    ],
    [
      1,
      7
    ],
    [
      1,
      9
    ],
    [
      2,
      6
    ],
    [
      3,
      5
    ],
    [
      3,
      7
    ],
    [
      3,
      8
    ],
    [
      4,
      5
    ],
    [
      4,
      6
    ],
    [
      4,
      7
    ],
    [
      4,
      9
    ],
    [
      5,
      6
    ],
    [
      5,
      7
    ],
    [
      5,
      8
    ],
    [
      5,
      9
    ],
    [
      6,
      7
    ],
    [
      6,
      8
    ],
    [
      8,
      9
    ]
  ],
  "local_search": "lp_dual_pivot",
  "lp_dual": {
    "clique_0": 1.0,
    "clique_1": 0.5,
    "clique_2": 0.5,
    "clique_3": 0.5,
    "clique_4": 0.5,
    "clique_5": 0.0,
    "clique_6": 0.5
  },
  "lp_primal": {
    "0": 0.5,
    "2": 1.0,
    "3": 0.5,
    "7": 0.5,
    "8": 0.5,
    "9": 0.5
  },
  "max_clique_size": 6,
  "maximal_cliques": [
    [
      2,
      6
    ],
    [
      0,
      1,
      4,
      5,
      6,
      7
    ],
    [
      0,
      1,
      4,
      5,
      9
    ],
    [
      3,
      5,
      7
    ],
    [
      3,
      5,
      8
    ],
    [
      5,
      6,
      8
    ],
    [
      5,
      8,
      9
    ]
  ],
  "n": 10,
  "problem": "misr",
  "rectangles": [
    [
      0,
      12,
      10,
      12
    ],
    [
      1,
      18,
      9,
      13
    ],
    [
      2,
      19,
      17,
      19
    ],
    [
      3,
      14,
      2,
      4
    ],
    [
      4,
      17,
      8,
      14
    ],
    [
      5,
      13,
      1,
      16
    ],
    [
      6,
      10,
      5,
      18
    ],
    [
      7,
      8,
      3,
      15
    ],
    [
      9,
      16,
      0,
      7
    ],
    [
      11,
      15,
      6,
      11
    ]
  ],
  "representation": "endpoint_sequence_pair",
  "schema": "misr_certificate_v1",
  "score": 1.1666666666666667,
  "solver": {
    "integer_solver": "branch_and_bound_maximum_independent_set",
    "lp_method": "highs",
    "lp_solver": "scipy.optimize.linprog",
    "tolerance": 1e-08
  },
  "solver_status": "optimal",
  "source_type": "local_mutation",
  "surrogate": "triangle_free_exact_gap_pressure",
  "tool_version": "0.1.0",
  "triangle_free": false,
  "triangle_witness": [
    0,
    1,
    4
  ]
}
