{
  "alpha_int": 5,
  "alpha_lp": 6.0,
  "candidate_id": "a67c2edd39c63c71f6c2f772ddad2740940da47312520771a860a8f2bb9ba580",
  "certificate_hash": "19ffb4dba9d787fcceb06e0aad1db452884cec085c454e4acb9f66f99c230929",
  "constraint_count": 16,
  "constraints": {
    "triangle_free": true
  },
  "control_mode": "patternboost",
  "created_at": "2026-07-10T21:30:35.911002+00:00",
  "dependency_versions": {
    "numpy": "2.0.2",
    "scipy": "1.13.1",
    "torch": "2.7.1"
  },
  "exact_runtime_seconds": 0.0013451320119202137,
  "generation": 5,
  "git_commit": "6f80dfec1a16c0d8428b97d587cb65f3e41354af",
  "git_dirty": false,
  "hardware": {
    "platform": "Linux-4.18.0-193.6.3.el8_2.x86_64-x86_64-with-glibc2.28",
    "python": "3.11.14"
  },
  "integer_solution": [
    1,
    2,
    7,
    10,
    11
  ],
  "intersection_edges": [
    [
      0,
      1
    ],
    [
      0,
      2
    ],
    [
      0,
      11
    ],
    [
      1,
      6
    ],
    [
      2,
      3
    ],
    [
      2,
      9
    ],
    [
      3,
      5
    ],
    [
      3,
      11
    ],
    [
      4,
      5
    ],
    [
      4,
      6
    ],
    [
      4,
      11
    ],
    [
      5,
      7
    ],
    [
      6,
      10
    ],
    [
      7,
      9
    ],
    [
      8,
      9
    ],
    [
      8,
      10
    ]
  ],
  "local_search": "symmetry_crossover_hillclimb",
  "lp_dual": {
    "clique_0": 1.0,
    "clique_1": 0.0,
    "clique_10": 0.0,
    "clique_11": 1.0,
    "clique_12": 0.0,
    "clique_13": 1.0,
    "clique_14": 0.0,
    "clique_15": 0.0,
    "clique_2": 0.0,
    "clique_3": 1.0,
    "clique_4": 0.0,
    "clique_5": 0.0,
    "clique_6": 0.0,
    "clique_7": 0.0,
    "clique_8": 1.0,
    "clique_9": 1.0
  },
  "lp_primal": {
    "0": 0.5,
    "1": 0.5,
    "10": 0.5,
    "11": 0.5,
    "2": 0.5,
    "3": 0.5,
    "4": 0.5,
    "5": 0.5,
    "6": 0.5,
    "7": 0.5,
    "8": 0.5,
    "9": 0.5
  },
  "max_clique_size": 2,
  "maximal_cliques": [
    [
      0,
      1
    ],
    [
      0,
      2
    ],
    [
      0,
      11
    ],
    [
      2,
      3
    ],
    [
      3,
      5
    ],
    [
      3,
      11
    ],
    [
      4,
      5
    ],
    [
      4,
      6
    ],
    [
      4,
      11
    ],
    [
      5,
      7
    ],
    [
      1,
      6
    ],
    [
      6,
      10
    ],
    [
      7,
      9
    ],
    [
      8,
      9
    ],
    [
      8,
      10
    ],
    [
      2,
      9
    ]
  ],
  "n": 12,
  "problem": "misr",
  "rectangles": [
    [
      0,
      1,
      0,
      10
    ],
    [
      1,
      2,
      8,
      9
    ],
    [
      1,
      9,
      1,
      4
    ],
    [
      2,
      3,
      4,
      5
    ],
    [
      2,
      3,
      6,
      7
    ],
    [
      3,
      4,
      5,
      6
    ],
    [
      2,
      3,
      7,
      8
    ],
    [
      4,
      5,
      5,
      6
    ],
    [
      4,
      5,
      7,
      8
    ],
    [
      5,
      6,
      0,
      10
    ],
    [
      3,
      4,
      8,
      9
    ],
    [
      1,
      2,
      5,
      6
    ]
  ],
  "representation": "triangle_free_rect",
  "schema": "misr_certificate_v1",
  "score": 1.2,
  "solver": {
    "integer_solver": "branch_and_bound_maximum_independent_set",
    "lp_method": "highs",
    "lp_solver": "scipy.optimize.linprog",
    "tolerance": 1e-08
  },
  "solver_status": "optimal",
  "source_type": "local_mutation",
  "surrogate": "exact_lp_gap_pressure",
  "tool_version": "0.1.0",
  "triangle_free": true,
  "triangle_witness": null
}
