{
  "alpha_int": 3,
  "alpha_lp": 3.666666666666667,
  "candidate_id": "5939a3d4da6e8ccf40537b010b991f7bbaa83668bfea535bde0020a2e7f9aea8",
  "certificate_hash": "98a6456350032c2faa9b4aeb3a0aad5c33d61a830d3f3c8787bdf9aa760b64ea",
  "constraint_count": 8,
  "constraints": {},
  "control_mode": "patternboost",
  "created_at": "2026-07-09T12:33:56.734912+00:00",
  "dependency_versions": {
    "numpy": "2.0.2",
    "scipy": "1.13.1",
    "torch": "2.8.0+cu128"
  },
  "exact_runtime_seconds": 0.0013551879674196243,
  "generation": 180,
  "git_commit": "",
  "git_dirty": null,
  "hardware": {
    "platform": "Linux-4.18.0-193.6.3.el8_2.x86_64-x86_64-with-glibc2.28",
    "python": "3.11.3"
  },
  "integer_solution": [
    5,
    8,
    10
  ],
  "intersection_edges": [
    [
      0,
      1
    ],
    [
      0,
      7
    ],
    [
      0,
      10
    ],
    [
      1,
      2
    ],
    [
      1,
      3
    ],
    [
      1,
      4
    ],
    [
      1,
      5
    ],
    [
      2,
      3
    ],
    [
      2,
      7
    ],
    [
      2,
      8
    ],
    [
      3,
      7
    ],
    [
      3,
      8
    ],
    [
      3,
      9
    ],
    [
      4,
      5
    ],
    [
      4,
      6
    ],
    [
      4,
      7
    ],
    [
      4,
      9
    ],
    [
      5,
      6
    ],
    [
      5,
      7
    ],
    [
      5,
      9
    ],
    [
      6,
      7
    ],
    [
      6,
      9
    ],
    [
      6,
      10
    ],
    [
      7,
      8
    ],
    [
      7,
      9
    ],
    [
      7,
      10
    ],
    [
      8,
      9
    ]
  ],
  "local_search": "sequence_pair_pivot",
  "lp_dual": {
    "clique_0": 0.33333333333333326,
    "clique_1": 0.33333333333333337,
    "clique_2": 0.33333333333333337,
    "clique_3": 0.6666666666666666,
    "clique_4": 0.6666666666666666,
    "clique_5": 0.33333333333333337,
    "clique_6": 0.6666666666666666,
    "clique_7": 0.33333333333333337
  },
  "lp_primal": {
    "0": 0.3333333333333333,
    "1": 0.6666666666666667,
    "10": 0.6666666666666667,
    "2": 0.33333333333333326,
    "4": 0.33333333333333326,
    "6": 0.3333333333333333,
    "8": 0.6666666666666667,
    "9": 0.33333333333333326
  },
  "max_clique_size": 5,
  "maximal_cliques": [
    [
      0,
      1
    ],
    [
      1,
      2,
      3
    ],
    [
      1,
      4,
      5
    ],
    [
      0,
      7,
      10
    ],
    [
      2,
      3,
      7,
      8
    ],
    [
      3,
      7,
      8,
      9
    ],
    [
      4,
      5,
      6,
      7,
      9
    ],
    [
      6,
      7,
      10
    ]
  ],
  "n": 11,
  "problem": "misr",
  "rectangles": [
    [
      0,
      20,
      17,
      20
    ],
    [
      1,
      6,
      5,
      21
    ],
    [
      2,
      12,
      13,
      16
    ],
    [
      3,
      16,
      10,
      14
    ],
    [
      4,
      15,
      0,
      8
    ],
    [
      5,
      14,
      4,
      7
    ],
    [
      7,
      18,
      3,
      9
    ],
    [
      8,
      21,
      6,
      19
    ],
    [
      9,
      11,
      11,
      15
    ],
    [
      10,
      13,
      1,
      12
    ],
    [
      17,
      19,
      2,
      18
    ]
  ],
  "representation": "endpoint_sequence_pair",
  "schema": "misr_certificate_v1",
  "score": 1.2222222222222223,
  "solver": {
    "integer_solver": "branch_and_bound_maximum_independent_set",
    "lp_method": "highs",
    "lp_solver": "scipy.optimize.linprog",
    "tolerance": 1e-08
  },
  "solver_status": "optimal",
  "source_type": "local_mutation",
  "surrogate": "exact_lp_gap_pressure",
  "tool_version": "0.1.0",
  "triangle_free": false,
  "triangle_witness": [
    0,
    7,
    10
  ]
}
